trace_id,trace,group,valid_accesses,reads,writes,matched_writes,superseded_writes,pending_writes_at_end,reads_without_pending_write,zero_time_matches,zero_operation_matches,write_match_rate,superseded_fraction,pending_fraction,time_cycles_count,time_cycles_sum,time_cycles_minimum,time_cycles_maximum,time_cycles_mean,time_cycles_p50_lower,time_cycles_p50_upper,time_cycles_p90_lower,time_cycles_p90_upper,time_cycles_p95_lower,time_cycles_p95_upper,time_cycles_p99_lower,time_cycles_p99_upper,time_cycles_fraction_lt_2p10,time_cycles_fraction_lt_2p20,intervening_operations_count,intervening_operations_sum,intervening_operations_minimum,intervening_operations_maximum,intervening_operations_mean,intervening_operations_p50_lower,intervening_operations_p50_upper,intervening_operations_p90_lower,intervening_operations_p90_upper,intervening_operations_p95_lower,intervening_operations_p95_upper,intervening_operations_p99_lower,intervening_operations_p99_upper,intervening_operations_fraction_lt_2p10,intervening_operations_fraction_lt_2p20
r0_bc_81b06a15ad,Original / BC,combined,3878223296,3063623488,814599808,641287948,33357725,139954135,2422335540,0,2,0.787242940278228,0.04094983165034088,0.17180722807143112,641287948,100907098995703746,2,7106331722,157350686.70852947,16777216,33554431,268435456,536870911,1073741824,2147483647,1073741824,2147483647,0.00010239549987613365,0.07073504209999593,641287948,42287797748073451,0,3541750256,65941981.10218259,8388608,16777215,134217728,268435455,268435456,536870911,536870912,1073741823,0.0001899583492562377,0.11494353079593506
r0_bc_81b06a15ad,Original / BC,channel_0,1936214028,1529015379,407198649,320536644,16677164,69984841,1208478735,0,1,0.7871751165854187,0.04095584315163089,0.17186904026295038,320536644,50488765174056677,2,7106331722,157513239.49737453,16777216,33554431,268435456,536870911,1073741824,2147483647,1073741824,2147483647,0.00010206009394670021,0.07057506972588133,320536644,21162929687253918,0,3541750256,66023433.149983056,8388608,16777215,134217728,268435455,268435456,536870911,536870912,1073741823,0.00018945103824073232,0.1146915109025725
r0_bc_81b06a15ad,Original / BC,channel_1,1942009268,1534608109,407401159,320751304,16680561,69969294,1213856805,0,1,0.7873107302573973,0.04094382313723364,0.17174544660536914,320751304,50418333821647069,4,7106311235,157188242.7067142,16777216,33554431,268435456,536870911,1073741824,2147483647,1073741824,2147483647,0.0001027306813380874,0.07089490741400073,320751304,21124868060819533,0,3541750098,65860583.56545149,8388608,16777215,134217728,268435455,268435456,536870911,536870912,1073741823,0.00019046532075829066,0.11519538202719201
r0_bfs_f5c070eb98,Original / BFS,combined,2466137408,2152101222,314036186,209574211,19078874,85383101,1942527011,0,3,0.6673568854259362,0.0607537438376608,0.27188937073640296,209574211,94731693641381606,12,4749853430,452019803.3401238,33554432,67108863,1073741824,2147483647,1073741824,2147483647,2147483648,4294967295,5.43435184398714e-05,0.02250775979302148,209574211,31869247417986828,0,2449749225,152066646.3011846,33554432,67108863,268435456,536870911,268435456,536870911,1073741824,2147483647,0.0001476756126258302,0.042934905764717396
r0_bfs_f5c070eb98,Original / BFS,channel_0,1231827749,1074358336,157469413,105193476,9565563,42710374,969164860,0,0,0.6680248182547045,0.060745530308162134,0.2712296514371334,105193476,47396553204093266,12,4749853430,450565519.9006188,33554432,67108863,1073741824,2147483647,1073741824,2147483647,2147483648,4294967295,5.481328518890278e-05,0.02243177133912753,105193476,15961709696314824,2,2449749225,151736688.46454722,33554432,67108863,268435456,536870911,268435456,536870911,1073741824,2147483647,0.00015057017414273866,0.04278754891605635
r0_bfs_f5c070eb98,Original / BFS,channel_1,1234309659,1077742886,156566773,104380735,9513311,42672727,973362151,0,3,0.6666851018255323,0.060762004719864794,0.27255289345460293,104380735,47335140437288340,24,4745249663,453485410.28465015,67108864,134217727,1073741824,2147483647,1073741824,2147483647,2147483648,4294967295,5.387009394022757e-05,0.022584339916748047,104380735,15907537721672004,0,2448831077,152399173.2925813,33554432,67108863,268435456,536870911,268435456,536870911,1073741824,2147483647,0.00014475851314900206,0.04308340997982051
r0_cc_3cd2baf7ac,Original / CC,combined,2434074464,2060771601,373302863,197789959,30742027,144770877,1862981642,0,0,0.5298377767866195,0.08235143645281928,0.38781078676056124,197789959,141781943215949930,8,4991533195,716830843.8546667,67108864,134217727,1073741824,2147483647,2147483648,4294967295,2147483648,4294967295,9.360434722573556e-05,0.05133083626353348,197789959,36661413256562457,1,2418739497,185355280.12603742,33554432,67108863,268435456,536870911,536870912,1073741823,1073741824,2147483647,0.00023220592305193814,0.07042040491044341
r0_cc_3cd2baf7ac,Original / CC,channel_0,1215240253,1028591054,186649199,98823356,15407918,72417925,929767698,0,0,0.5294603809148948,0.08255014263415082,0.3879894764509544,98823356,70855900887666415,11,4990045528,716995493.3291925,67108864,134217727,1073741824,2147483647,2147483648,4294967295,2147483648,4294967295,9.439064182357863e-05,0.0513426502131743,98823356,18317647981956561,1,2402476598,185357477.45661017,33554432,67108863,268435456,536870911,536870912,1073741823,1073741824,2147483647,0.00023512660306739634,0.07045883970991634
r0_cc_3cd2baf7ac,Original / CC,channel_1,1218834211,1032180547,186653664,98966603,15334109,72352952,933213944,0,0,0.5302151636305409,0.08215273502479972,0.38763210134465936,98966603,70926042328283515,8,4991533195,716666432.6983469,67108864,134217727,1073741824,2147483647,2147483648,4294967295,2147483648,4294967295,9.281919073245345e-05,0.051319039413730304,98966603,18343765274605896,5,2418739497,185353085.97594178,33554432,67108863,268435456,536870911,536870912,1073741823,1073741824,2147483647,0.00022928947050956168,0.07038202574256287
r0_pr_b8e5f78041,Original / PR,combined,4697620480,4364549670,333070810,252741568,15334826,64994416,4111808102,0,0,0.7588223297022035,0.04604073830426629,0.19513693199353013,252741568,130936449861729079,33,14039251672,518064562.5405358,268435456,536870911,1073741824,2147483647,1073741824,2147483647,1073741824,2147483647,9.547697353844065e-05,0.034421951516894915,252741568,39393438390691702,2,4273420186,155864501.0491179,67108864,134217727,268435456,536870911,268435456,536870911,268435456,536870911,0.0002641472889809721,0.05422237469065635
r0_pr_b8e5f78041,Original / PR,channel_0,2349238952,2182597285,166641667,126466489,7679381,32495797,2056130796,0,0,0.7589127693975841,0.04608319838759174,0.19500403221482415,126466489,65461075101941135,33,14038466601,517615975.7383724,268435456,536870911,1073741824,2147483647,1073741824,2147483647,1073741824,2147483647,9.835807175764957e-05,0.035006150917971636,126466489,19694616980568476,2,4273262637,155729926.05628893,67108864,134217727,268435456,536870911,268435456,536870911,268435456,536870911,0.0002678337974576016,0.05498393333272659
r0_pr_b8e5f78041,Original / PR,channel_1,2348381528,2181952385,166429143,126275079,7655445,32498619,2055677306,0,0,0.758731774518601,0.04599822400094916,0.19527000148044985,126275079,65475374759787944,58,14039251672,518513829.3185146,268435456,536870911,1073741824,2147483647,1073741824,2147483647,1073741824,2147483647,9.259150809955145e-05,0.03383686657602487,126275079,19698821410123226,2,4273420186,155999280.03310317,67108864,134217727,268435456,536870911,268435456,536870911,268435456,536870911,0.0002604551924295371,0.05345966166451577
r0_xs_20t_1fed27b3cc,Original / XS 20t,combined,4697620480,4644361030,53259450,37376293,126957,15756200,4606984737,0,0,0.7017776751355863,0.0023837459831072233,0.2958385788813065,37376293,83303684781490823,37,7831771502,2228784025.7858324,1073741824,2147483647,4294967296,8589934591,4294967296,8589934591,4294967296,8589934591,2.7209761010809714e-05,0.017115662058834996,37376293,47639842411499267,4,4696953628,1274600517.8068159,536870912,1073741823,2147483648,4294967295,2147483648,4294967295,4294967296,8589934591,3.9062193781496735e-05,0.023736409600598966
r0_xs_20t_1fed27b3cc,Original / XS 20t,channel_0,2343048862,2316417197,26631665,18712308,63302,7856055,2297704889,0,0,0.7026338007781339,0.002376944888725508,0.29498925433314066,18712308,41671628764722548,37,7831771502,2226963598.7566338,1073741824,2147483647,4294967296,8589934591,4294967296,8589934591,4294967296,8589934591,2.8537366956550735e-05,0.01731539476584075,18712308,23829022667394198,11,4696953628,1273441131.227329,536870912,1073741823,2147483648,4294967295,2147483648,4294967295,4294967296,8589934591,4.259228738646243e-05,0.02392965100830961
r0_xs_20t_1fed27b3cc,Original / XS 20t,channel_1,2354571618,2327943833,26627785,18663985,63655,7900145,2309279848,0,0,0.7009214247448671,0.002390548068493117,0.29668802718663984,18663985,41632056016768275,78,7828133358,2230609166.0901074,1073741824,2147483647,4294967296,8589934591,4294967296,8589934591,4294967296,8589934591,2.5878717755077492e-05,0.016915412223059544,18663985,23810819744105069,4,4695571877,1275762906.1588438,536870912,1073741823,2147483648,4294967295,2147483648,4294967295,4294967296,8589934591,3.552296039672128e-05,0.02354266787076822
r0_xs_20t_300000p_3868b65f34,Original / XS 20t / 300000p,combined,648646944,595900570,52746374,14939301,125874,37681199,580961269,0,0,0.2832289666015715,0.0023864010064464335,0.714384632391982,14939301,9028836612514467,43,1557256901,604368076.6934454,536870912,1073741823,1073741824,2147483647,1073741824,2147483647,1073741824,2147483647,5.52234672827062e-05,0.03983586648398074,14939301,3619098010506177,20,648513087,242253503.72859997,134217728,268435455,268435456,536870911,536870912,1073741823,536870912,1073741823,8.474292070291642e-05,0.05555273302278333
r0_xs_20t_300000p_3868b65f34,Original / XS 20t / 300000p,channel_0,323672764,297299879,26372885,7481844,62897,18828144,289818035,0,0,0.28369455977228125,0.0023849116241928025,0.713920528603526,7481844,4523065354736271,43,1556131555,604538848.2754079,536870912,1073741823,1073741824,2147483647,1073741824,2147483647,1073741824,2147483647,5.546760932197998e-05,0.03976613252027174,7481844,1813018944072887,20,648306866,242322473.45345438,134217728,268435455,268435456,536870911,536870912,1073741823,536870912,1073741823,8.660966467624826e-05,0.055445689592031056
r0_xs_20t_300000p_3868b65f34,Original / XS 20t / 300000p,channel_1,324974180,298600691,26373489,7457457,62977,18853055,291143234,0,0,0.2827633840937769,0.002387890354590551,0.7148487255516326,7457457,4505771257778196,86,1557256901,604196746.6628633,536870912,1073741823,1073741824,2147483647,1073741824,2147483647,1073741824,2147483647,5.497852686244118e-05,0.03990582848818303,7457457,1806079066433290,26,648513087,242184308.46242762,134217728,268435455,268435456,536870911,536870912,1073741823,536870912,1073741823,8.287007219753328e-05,0.05566012650156749
r1_trace_09_07_bfs_8g_noTHP_1d3fc83cc2,09-07 / BFS 8G / no THP,combined,855453888,740672963,114780925,74479560,1172195,39129170,666193403,0,35,0.6488844727466694,0.010212454726253513,0.34090307252707713,74479560,55263881863775934,85,6106016511,742000649.0878294,67108864,134217727,2147483648,4294967295,4294967296,8589934591,4294967296,8589934591,7.529582613001473e-05,0.03817464818535448,74479560,7887990192413609,0,853022326,105908120.19315916,16777216,33554431,268435456,536870911,536870912,1073741823,536870912,1073741823,0.0006369398530281328,0.10489739735304558
r1_trace_09_07_bfs_8g_noTHP_1d3fc83cc2,09-07 / BFS 8G / no THP,channel_0,426936804,369504561,57432243,37283348,579289,19569606,332221213,0,21,0.6491710240186858,0.010086477033467071,0.34074249894784714,37283348,27640765151757805,85,6099208667,741370253.3301946,67108864,134217727,2147483648,4294967295,4294967296,8589934591,4294967296,8589934591,7.789000065122907e-05,0.03804846066935834,37283348,3944644476239964,0,851822777,105801777.1429745,16777216,33554431,268435456,536870911,536870912,1073741823,536870912,1073741823,0.0006388642994186037,0.10442128212305397
r1_trace_09_07_bfs_8g_noTHP_1d3fc83cc2,09-07 / BFS 8G / no THP,channel_1,428517084,371168402,57348682,37196212,592906,19559564,333972190,0,14,0.6485975039496112,0.010338615977259949,0.3410638800731288,37196212,27623116712018129,85,6106016511,742632521.613172,67108864,134217727,2147483648,4294967295,4294967296,8589934591,4294967296,8589934591,7.269557448484271e-05,0.038301131308747245,37196212,3943345716173645,0,853022326,106014712.36301279,16777216,33554431,268435456,536870911,536870912,1073741823,536870912,1073741823,0.000635010898421592,0.10537462793254324
r1_trace_09_07_bfs_8g_withTHP_467813de1b,09-07 / BFS 8G / THP,combined,766027072,686402191,79624881,46916346,2685,32705850,639485845,0,6,0.5892171568834118,3.372061554478179e-05,0.41074912250104334,46916346,23197212748408101,32,5165060921,494437754.1338812,33554432,67108863,1073741824,2147483647,2147483648,4294967295,4294967296,8589934591,0.00037507183530448003,0.32541884229432533,46916346,3745389577515721,0,764703178,79831229.34415483,8388608,16777215,134217728,268435455,268435456,536870911,536870912,1073741823,0.008303374691626666,0.3733731522911013
r1_trace_09_07_bfs_8g_withTHP_467813de1b,09-07 / BFS 8G / THP,channel_0,382519434,342614958,39904476,23541052,1374,16362050,319073906,0,4,0.5899351240697911,3.44322276027381e-05,0.4100304437026062,23541052,11591087968263117,32,5165060920,492377654.50172395,33554432,67108863,1073741824,2147483647,2147483648,4294967295,4294967296,8589934591,0.00037810544745409,0.32525020547085154,23541052,1871091271154391,0,764703174,79482058.45492338,8388608,16777215,134217728,268435455,268435456,536870911,536870912,1073741823,0.00821679506931126,0.37416951459943254
r1_trace_09_07_bfs_8g_withTHP_467813de1b,09-07 / BFS 8G / THP,channel_1,383507638,343787233,39720405,23375294,1311,16343800,320411939,0,2,0.5884958625170111,3.300570575753193e-05,0.4114711317772314,23375294,11606124780144984,66,5165060921,496512462.26657015,33554432,67108863,1073741824,2147483647,2147483648,4294967295,4294967296,8589934591,0.00037201671131922447,0.3255886749488584,23375294,1874298306361330,0,764703178,80182876.26077901,8388608,16777215,134217728,268435455,268435456,536870911,536870912,1073741823,0.008390568264082581,0.3725711428485135
r1_trace_09_07_cc_8g_noTHP_25fca2b541,09-07 / CC 8G / no THP,combined,1065467584,931048749,134418835,80666955,3946,53747934,850381794,0,56,0.6001164568938572,2.935600505688061e-05,0.39985418710108594,80666955,51622067127031517,85,9077676763,639940693.522292,67108864,134217727,1073741824,2147483647,2147483648,4294967295,4294967296,8589934591,6.597497079194324e-05,0.026283798613695036,80666955,6139508251769758,0,1064358669,76109334.38320261,8388608,16777215,134217728,268435455,268435456,536870911,536870912,1073741823,0.0007874847885357765,0.11589063948180515
r1_trace_09_07_cc_8g_noTHP_25fca2b541,09-07 / CC 8G / no THP,channel_0,531172155,463984931,67187224,40284570,1977,26900677,423700361,0,23,0.5995867607210561,2.942523715520677e-05,0.40038381404178863,40284570,25792039391010944,85,9077676763,640246113.8597469,67108864,134217727,1073741824,2147483647,2147483648,4294967295,4294967296,8589934591,6.481389772808794e-05,0.026315038239206723,40284570,3066692797228463,0,1064358669,76125742.36806953,8388608,16777215,134217728,268435455,268435456,536870911,536870912,1073741823,0.0007844442673708569,0.1160689067799408
r1_trace_09_07_cc_8g_noTHP_25fca2b541,09-07 / CC 8G / no THP,channel_1,534295429,467063818,67231611,40382385,1969,26847257,426681433,0,33,0.6006458033558053,2.928681866629672e-05,0.3993249098255284,40382385,25830027736020573,85,9063997595,639636012.979931,67108864,134217727,1073741824,2147483647,2147483648,4294967295,4294967296,8589934591,6.713323148199394e-05,0.026252634657413128,40382385,3072815454541295,0,1063150898,76092966.14207643,8388608,16777215,134217728,268435455,268435456,536870911,536870912,1073741823,0.0007905179448910707,0.11571280398619349
r1_trace_09_07_cc_8g_withTHP_484755becf,09-07 / CC 8G / THP,combined,828229312,761661633,66567679,34470184,1640653,30456842,727191449,0,81,0.5178216293225425,0.024646390330057926,0.4575319803473995,34470184,12780296074833454,8,6393684434,370763790.37702423,33554432,67108863,536870912,1073741823,1073741824,2147483647,4294967296,8589934591,0.00015860083601526467,0.3321751923343374,34470184,1904209775100492,0,827675081,55242228.32986595,4194304,8388607,134217728,268435455,134217728,268435455,536870912,1073741823,0.008069582686300716,0.38757597000352534
r1_trace_09_07_cc_8g_withTHP_484755becf,09-07 / CC 8G / THP,channel_0,412561057,379361142,33199915,17138148,817204,15244563,362222994,0,44,0.5162105987319546,0.02461464133266606,0.4591747599353794,17138148,6373930209490986,8,6392358152,371914760.5383607,33554432,67108863,536870912,1073741823,1073741824,2147483647,4294967296,8589934591,0.00015736822905252073,0.3344066698455399,17138148,949430840129396,0,827276460,55398683.69262513,4194304,8388607,134217728,268435455,134217728,268435455,536870912,1073741823,0.008029980835735577,0.389216034311292
r1_trace_09_07_cc_8g_withTHP_484755becf,09-07 / CC 8G / THP,channel_1,415668255,382300491,33367764,17332036,823449,15212279,364968455,0,37,0.5194245559876293,0.024677979621289578,0.45589746439108114,17332036,6406365865342468,14,6393684434,369625695.75452465,33554432,67108863,536870912,1073741823,1073741824,2147483647,4294967296,8589934591,0.00015981965419411775,0.329968677655643,17332036,954778934971096,0,827675081,55087523.18372152,4194304,8388607,134217728,268435455,134217728,268435455,536870912,1073741823,0.008108741523500182,0.38595425257598126
pooled,Pooled,combined,22337500928,20001093117,2336407811,1590242325,101585762,644579724,18410850792,0,183,0.6806355968821062,0.04347946515232738,0.2758849379655665,1590242325,703553164922818657,2,14039251672,442418840.1115652,33554432,67108863,1073741824,2147483647,1073741824,2147483647,4294967296,8589934591,9.780584855204379e-05,0.06404499767040221,1590242325,221147935032119462,0,4696953628,139065557.21444497,16777216,33554431,268435456,536870911,268435456,536870911,1073741824,2147483647,0.0006583078462585883,0.10067529865298988
pooled,Pooled,channel_0,11152432058,9983744722,1168687336,795461235,50856069,322370032,9188283487,0,93,0.6806450369545204,0.04351554725839863,0.275839415787081,795461235,351794811207739164,2,14038466601,442252614.87159604,33554432,67108863,1073741824,2147483647,1073741824,2147483647,4294967296,8589934591,9.844477210759365e-05,0.064076751647112,795461235,110610805342313078,0,4696953628,139052414.46783146,16777216,33554431,268435456,536870911,268435456,536870911,1073741824,2147483647,0.0006557063714110468,0.1006846914419406
pooled,Pooled,channel_1,11185068870,10017348395,1167720475,794781090,50729693,322209692,9222567305,0,90,0.6806261489934053,0.0434433531706293,0.2759304978359654,794781090,351758353715079493,4,14039251672,442585207.6011012,33554432,67108863,1073741824,2147483647,1073741824,2147483647,4294967296,8589934591,9.716637822875227e-05,0.06401321651978409,794781090,110537129689806384,0,4695571877,139078711.2081471,16777216,33554431,268435456,536870911,268435456,536870911,1073741824,2147483647,0.0006609115473545048,0.10066589782602905
