group,bin,start_offset_cycles,end_offset_cycles_exclusive,reads,writes,matched_pairs
combined,0,0,40000000,2873755,2796775,262
channel_0,0,0,40000000,1436899,1398163,135
channel_1,0,0,40000000,1436856,1398612,127
combined,1,40000000,80000000,2877785,2793857,763
channel_0,1,40000000,80000000,1438823,1396926,405
channel_1,1,40000000,80000000,1438962,1396931,358
combined,2,80000000,120000000,2875695,2793828,1110
channel_0,2,80000000,120000000,1437629,1396822,576
channel_1,2,80000000,120000000,1438066,1397006,534
combined,3,120000000,160000000,2877067,2792764,1730
channel_0,3,120000000,160000000,1438410,1396457,846
channel_1,3,120000000,160000000,1438657,1396307,884
combined,4,160000000,200000000,2870428,2786630,2163
channel_0,4,160000000,200000000,1435309,1393274,1043
channel_1,4,160000000,200000000,1435119,1393356,1120
combined,5,200000000,240000000,2873229,2787903,2514
channel_0,5,200000000,240000000,1436635,1393944,1231
channel_1,5,200000000,240000000,1436594,1393959,1283
combined,6,240000000,280000000,2871387,2784902,2827
channel_0,6,240000000,280000000,1435688,1392422,1394
channel_1,6,240000000,280000000,1435699,1392480,1433
combined,7,280000000,320000000,2873770,2788600,3330
channel_0,7,280000000,320000000,1436726,1394194,1653
channel_1,7,280000000,320000000,1437044,1394406,1677
combined,8,320000000,360000000,2875653,2787215,3465
channel_0,8,320000000,360000000,1437701,1393424,1715
channel_1,8,320000000,360000000,1437952,1393791,1750
combined,9,360000000,400000000,2871852,2783353,4094
channel_0,9,360000000,400000000,1435815,1391750,2025
channel_1,9,360000000,400000000,1436037,1391603,2069
combined,10,400000000,440000000,2872423,2780981,4745
channel_0,10,400000000,440000000,1436225,1390592,2325
channel_1,10,400000000,440000000,1436198,1390389,2420
combined,11,440000000,480000000,2881516,2792191,5275
channel_0,11,440000000,480000000,1440677,1395991,2628
channel_1,11,440000000,480000000,1440839,1396200,2647
combined,12,480000000,520000000,2871296,2784300,5501
channel_0,12,480000000,520000000,1435593,1392030,2710
channel_1,12,480000000,520000000,1435703,1392270,2791
combined,13,520000000,560000000,2876281,2784024,5918
channel_0,13,520000000,560000000,1438232,1391891,2948
channel_1,13,520000000,560000000,1438049,1392133,2970
combined,14,560000000,600000000,2876667,2789357,6323
channel_0,14,560000000,600000000,1438313,1394701,3159
channel_1,14,560000000,600000000,1438354,1394656,3164
combined,15,600000000,640000000,2878670,2785026,6809
channel_0,15,600000000,640000000,1439260,1392468,3339
channel_1,15,600000000,640000000,1439410,1392558,3470
combined,16,640000000,680000000,2873639,2780341,7191
channel_0,16,640000000,680000000,1436779,1390125,3575
channel_1,16,640000000,680000000,1436860,1390216,3616
combined,17,680000000,720000000,6837798,2876261,242848
channel_0,17,680000000,720000000,3417099,1436678,121162
channel_1,17,680000000,720000000,3420699,1439583,121686
combined,18,720000000,760000000,24715338,1311207,1692933
channel_0,18,720000000,760000000,12341874,656079,846002
channel_1,18,720000000,760000000,12373464,655128,846931
combined,19,760000000,800000000,25708048,487927,1416084
channel_0,19,760000000,800000000,12830407,244803,709408
channel_1,19,760000000,800000000,12877641,243124,706676
combined,20,800000000,840000000,25980674,244118,1102741
channel_0,20,800000000,840000000,12960177,122035,552585
channel_1,20,800000000,840000000,13020497,122083,550156
combined,21,840000000,880000000,26020704,135150,934186
channel_0,21,840000000,880000000,12979620,67849,467960
channel_1,21,840000000,880000000,13041084,67301,466226
combined,22,880000000,920000000,26003901,82480,839973
channel_0,22,880000000,920000000,12971755,41371,421145
channel_1,22,880000000,920000000,13032146,41109,418828
combined,23,920000000,960000000,25980996,52776,767085
channel_0,23,920000000,960000000,12959839,26455,384381
channel_1,23,920000000,960000000,13021157,26321,382704
combined,24,960000000,1000000000,25958873,35864,717484
channel_0,24,960000000,1000000000,12946256,18025,359479
channel_1,24,960000000,1000000000,13012617,17839,358005
combined,25,1000000000,1040000000,25922857,26394,672325
channel_0,25,1000000000,1040000000,12928087,13260,336825
channel_1,25,1000000000,1040000000,12994770,13134,335500
combined,26,1040000000,1080000000,25909308,19965,637760
channel_0,26,1040000000,1080000000,12921645,9943,319540
channel_1,26,1040000000,1080000000,12987663,10022,318220
combined,27,1080000000,1120000000,25915063,15362,603814
channel_0,27,1080000000,1120000000,12926325,7664,302551
channel_1,27,1080000000,1120000000,12988738,7698,301263
combined,28,1120000000,1160000000,25917706,11974,580326
channel_0,28,1120000000,1160000000,12927171,6067,290888
channel_1,28,1120000000,1160000000,12990535,5907,289438
combined,29,1160000000,1200000000,25884799,9643,553692
channel_0,29,1160000000,1200000000,12910663,4746,277271
channel_1,29,1160000000,1200000000,12974136,4897,276421
combined,30,1200000000,1240000000,25864917,8223,529800
channel_0,30,1200000000,1240000000,12902863,4140,265325
channel_1,30,1200000000,1240000000,12962054,4083,264475
combined,31,1240000000,1280000000,25867454,6476,508325
channel_0,31,1240000000,1280000000,12897903,3205,254605
channel_1,31,1240000000,1280000000,12969551,3271,253720
combined,32,1280000000,1320000000,25887497,5686,496142
channel_0,32,1280000000,1320000000,12909232,2878,248714
channel_1,32,1280000000,1320000000,12978265,2808,247428
combined,33,1320000000,1360000000,25876117,5127,476124
channel_0,33,1320000000,1360000000,12906282,2641,238686
channel_1,33,1320000000,1360000000,12969835,2486,237438
combined,34,1360000000,1400000000,25884906,4407,457528
channel_0,34,1360000000,1400000000,12913078,2262,229376
channel_1,34,1360000000,1400000000,12971828,2145,228152
combined,35,1400000000,1440000000,25882968,4039,440152
channel_0,35,1400000000,1440000000,12904835,2003,220445
channel_1,35,1400000000,1440000000,12978133,2036,219707
combined,36,1440000000,1480000000,25871148,3664,429869
channel_0,36,1440000000,1480000000,12903426,1821,215202
channel_1,36,1440000000,1480000000,12967722,1843,214667
combined,37,1480000000,1520000000,25869718,3226,413729
channel_0,37,1480000000,1520000000,12901735,1645,207033
channel_1,37,1480000000,1520000000,12967983,1581,206696
combined,38,1520000000,1560000000,23268667,2927,362361
channel_0,38,1520000000,1560000000,11604893,1463,181554
channel_1,38,1520000000,1560000000,11663774,1464,180807
combined,39,1560000000,1600000000,0,232,0
channel_0,39,1560000000,1600000000,0,110,0
channel_1,39,1560000000,1600000000,0,122,0
combined,40,1600000000,1640000000,0,540,0
channel_0,40,1600000000,1640000000,0,242,0
channel_1,40,1600000000,1640000000,0,298,0
combined,41,1640000000,1680000000,0,659,0
channel_0,41,1640000000,1680000000,0,326,0
channel_1,41,1640000000,1680000000,0,333,0
