group,bin,lower_inclusive,upper_inclusive,count,fraction_of_matched_pairs
combined,0,0,0,0,0
combined,1,1,1,0,0
combined,2,2,3,0,0
combined,3,4,7,0,0
combined,4,8,15,0,0
combined,5,16,31,4,2.67750144400999752e-07
combined,6,32,63,77,5.15419027971924523e-06
combined,7,64,127,148,9.90675534283699083e-06
combined,8,128,255,140,9.37125505403499133e-06
combined,9,256,511,301,2.01481983661752314e-05
combined,10,512,1023,596,3.98947715157489631e-05
combined,11,1024,2047,1140,7.63087911542849294e-05
combined,12,2048,4095,2208,0.000147798079709351863
combined,13,4096,8191,4456,0.000298273660862713724
combined,14,8192,16383,8745,0.000585368753196685708
combined,15,16384,32767,17381,0.00116344131495844417
combined,16,32768,65535,34178,0.00228779110883434238
combined,17,65536,131071,65777,0.00440295031206614018
combined,18,131072,262143,123947,0.00829670678701767907
combined,19,262144,524287,220369,0.0147509578928759786
combined,20,524288,1048575,350452,0.0234583934014047913
combined,21,1048576,2097151,465992,0.0311923563224276691
combined,22,2097152,4194303,466944,0.0312560808567951071
combined,23,4194304,8388607,320451,0.0214502003808611929
combined,24,8388608,16777215,174520,0.0116819388002156192
combined,25,16777216,33554431,189433,0.0126801782760786465
combined,26,33554432,67108863,572699,0.0383350599870770393
combined,27,67108864,134217727,1963887,0.13145775695931155
combined,28,134217728,268435455,3676045,0.246065394893643284
combined,29,268435456,536870911,5321230,0.356190025222732978
combined,30,536870912,1073741823,958181,0.0641382752780735859
combined,31,1073741824,2147483647,0,0
combined,32,2147483648,4294967295,0,0
combined,33,4294967296,8589934591,0,0
combined,34,8589934592,17179869183,0,0
combined,35,17179869184,34359738367,0,0
combined,36,34359738368,68719476735,0,0
combined,37,68719476736,137438953471,0,0
combined,38,137438953472,274877906943,0,0
combined,39,274877906944,549755813887,0,0
combined,40,549755813888,1099511627775,0,0
combined,41,1099511627776,2199023255551,0,0
combined,42,2199023255552,4398046511103,0,0
combined,43,4398046511104,8796093022207,0,0
combined,44,8796093022208,17592186044415,0,0
combined,45,17592186044416,35184372088831,0,0
combined,46,35184372088832,70368744177663,0,0
combined,47,70368744177664,140737488355327,0,0
combined,48,140737488355328,281474976710655,0,0
combined,49,281474976710656,562949953421311,0,0
combined,50,562949953421312,1125899906842623,0,0
combined,51,1125899906842624,2251799813685247,0,0
combined,52,2251799813685248,4503599627370495,0,0
combined,53,4503599627370496,9007199254740991,0,0
combined,54,9007199254740992,18014398509481983,0,0
combined,55,18014398509481984,36028797018963967,0,0
combined,56,36028797018963968,72057594037927935,0,0
combined,57,72057594037927936,144115188075855871,0,0
combined,58,144115188075855872,288230376151711743,0,0
combined,59,288230376151711744,576460752303423487,0,0
combined,60,576460752303423488,1152921504606846975,0,0
combined,61,1152921504606846976,2305843009213693951,0,0
combined,62,2305843009213693952,4611686018427387903,0,0
combined,63,4611686018427387904,9223372036854775807,0,0
combined,64,9223372036854775808,18446744073709551615,0,0
channel_0,0,0,0,0,0
channel_0,1,1,1,0,0
channel_0,2,2,3,0,0
channel_0,3,4,7,0,0
channel_0,4,8,15,0,0
channel_0,5,16,31,3,4.00970669797445656e-07
channel_0,6,32,63,37,4.94530492750182976e-06
channel_0,7,64,127,71,9.48963918520621387e-06
channel_0,8,128,255,69,9.2223254053412501e-06
channel_0,9,256,511,152,2.03158472697372466e-05
channel_0,10,512,1023,316,4.22355772186642758e-05
channel_0,11,1024,2047,568,7.5917113481649711e-05
channel_0,12,2048,4095,1092,0.000145953323806270219
channel_0,13,4096,8191,2205,0.000294713442301122557
channel_0,14,8192,16383,4451,0.000594906817089476872
channel_0,15,16384,32767,8699,0.00116268128552265992
channel_0,16,32768,65535,17127,0.00228914155387361725
channel_0,17,65536,131071,32940,0.00440265795437595331
channel_0,18,131072,262143,61863,0.00826841618189312688
channel_0,19,262144,524287,110039,0.0147074705112803742
channel_0,20,524288,1048575,175204,0.0234172217437305563
channel_0,21,1048576,2097151,232988,0.0311404514715890895
channel_0,22,2097152,4194303,233489,0.031207413573445263
channel_0,23,4194304,8388607,159991,0.0213838994771877093
channel_0,24,8388608,16777215,87488,0.0116933739864129752
channel_0,25,16777216,33554431,94672,0.0126535650836879251
channel_0,26,33554432,67108863,286813,0.038334533572204927
channel_0,27,67108864,134217727,984052,0.131525329851838664
channel_0,28,134217728,268435455,1841991,0.246194788343622241
channel_0,29,268435456,536870911,2665901,0.356316036527893391
channel_0,30,536870912,1073741823,479623,0.0641049185200867594
channel_0,31,1073741824,2147483647,0,0
channel_0,32,2147483648,4294967295,0,0
channel_0,33,4294967296,8589934591,0,0
channel_0,34,8589934592,17179869183,0,0
channel_0,35,17179869184,34359738367,0,0
channel_0,36,34359738368,68719476735,0,0
channel_0,37,68719476736,137438953471,0,0
channel_0,38,137438953472,274877906943,0,0
channel_0,39,274877906944,549755813887,0,0
channel_0,40,549755813888,1099511627775,0,0
channel_0,41,1099511627776,2199023255551,0,0
channel_0,42,2199023255552,4398046511103,0,0
channel_0,43,4398046511104,8796093022207,0,0
channel_0,44,8796093022208,17592186044415,0,0
channel_0,45,17592186044416,35184372088831,0,0
channel_0,46,35184372088832,70368744177663,0,0
channel_0,47,70368744177664,140737488355327,0,0
channel_0,48,140737488355328,281474976710655,0,0
channel_0,49,281474976710656,562949953421311,0,0
channel_0,50,562949953421312,1125899906842623,0,0
channel_0,51,1125899906842624,2251799813685247,0,0
channel_0,52,2251799813685248,4503599627370495,0,0
channel_0,53,4503599627370496,9007199254740991,0,0
channel_0,54,9007199254740992,18014398509481983,0,0
channel_0,55,18014398509481984,36028797018963967,0,0
channel_0,56,36028797018963968,72057594037927935,0,0
channel_0,57,72057594037927936,144115188075855871,0,0
channel_0,58,144115188075855872,288230376151711743,0,0
channel_0,59,288230376151711744,576460752303423487,0,0
channel_0,60,576460752303423488,1152921504606846975,0,0
channel_0,61,1152921504606846976,2305843009213693951,0,0
channel_0,62,2305843009213693952,4611686018427387903,0,0
channel_0,63,4611686018427387904,9223372036854775807,0,0
channel_0,64,9223372036854775808,18446744073709551615,0,0
channel_1,0,0,0,0,0
channel_1,1,1,1,0,0
channel_1,2,2,3,0,0
channel_1,3,4,7,0,0
channel_1,4,8,15,0,0
channel_1,5,16,31,1,1.34093967957173605e-07
channel_1,6,32,63,40,5.3637587182869442e-06
channel_1,7,64,127,77,1.03252355327023676e-05
channel_1,8,128,255,71,9.52067172495932595e-06
channel_1,9,256,511,149,1.99800012256188671e-05
channel_1,10,512,1023,280,3.75463110280086094e-05
channel_1,11,1024,2047,572,7.6701749671503302e-05
channel_1,12,2048,4095,1116,0.000149648868240205743
channel_1,13,4096,8191,2251,0.000301845521871597785
channel_1,14,8192,16383,4294,0.000575799498408103459
channel_1,15,16384,32767,8682,0.00116420382980418124
channel_1,16,32768,65535,17051,0.00228643624763776714
channel_1,17,65536,131071,32837,0.00440324362580970966
channel_1,18,131072,262143,62084,0.00832508990665316609
channel_1,19,262144,524287,110330,0.0147945874847149638
channel_1,20,524288,1048575,175248,0.0234996996965587599
channel_1,21,1048576,2097151,233004,0.0312444309098932786
channel_1,22,2097152,4194303,233455,0.0313049072894419639
channel_1,23,4194304,8388607,160460,0.0215167180984080766
channel_1,24,8388608,16777215,87032,0.0116704662192487332
channel_1,25,16777216,33554431,94761,0.012706878497589728
channel_1,26,33554432,67108863,285886,0.0383355881234045332
channel_1,27,67108864,134217727,979835,0.131389963093317199
channel_1,28,134217728,268435455,1834054,0.245935578307726079
channel_1,29,268435456,536870911,2655329,0.356063601841753831
channel_1,30,536870912,1073741823,478558,0.064171741117649086
channel_1,31,1073741824,2147483647,0,0
channel_1,32,2147483648,4294967295,0,0
channel_1,33,4294967296,8589934591,0,0
channel_1,34,8589934592,17179869183,0,0
channel_1,35,17179869184,34359738367,0,0
channel_1,36,34359738368,68719476735,0,0
channel_1,37,68719476736,137438953471,0,0
channel_1,38,137438953472,274877906943,0,0
channel_1,39,274877906944,549755813887,0,0
channel_1,40,549755813888,1099511627775,0,0
channel_1,41,1099511627776,2199023255551,0,0
channel_1,42,2199023255552,4398046511103,0,0
channel_1,43,4398046511104,8796093022207,0,0
channel_1,44,8796093022208,17592186044415,0,0
channel_1,45,17592186044416,35184372088831,0,0
channel_1,46,35184372088832,70368744177663,0,0
channel_1,47,70368744177664,140737488355327,0,0
channel_1,48,140737488355328,281474976710655,0,0
channel_1,49,281474976710656,562949953421311,0,0
channel_1,50,562949953421312,1125899906842623,0,0
channel_1,51,1125899906842624,2251799813685247,0,0
channel_1,52,2251799813685248,4503599627370495,0,0
channel_1,53,4503599627370496,9007199254740991,0,0
channel_1,54,9007199254740992,18014398509481983,0,0
channel_1,55,18014398509481984,36028797018963967,0,0
channel_1,56,36028797018963968,72057594037927935,0,0
channel_1,57,72057594037927936,144115188075855871,0,0
channel_1,58,144115188075855872,288230376151711743,0,0
channel_1,59,288230376151711744,576460752303423487,0,0
channel_1,60,576460752303423488,1152921504606846975,0,0
channel_1,61,1152921504606846976,2305843009213693951,0,0
channel_1,62,2305843009213693952,4611686018427387903,0,0
channel_1,63,4611686018427387904,9223372036854775807,0,0
channel_1,64,9223372036854775808,18446744073709551615,0,0
