trace_id,label,group,bin_seconds,observed_span_seconds,total_windows,windows_with_pairs,matched_pairs,reads,writes,peak_pairs_per_window,first_peak_window_start_seconds,collector_dropped_records
r0_bc_81b06a15ad,Original / BC,combined,0.1,20.4529524825,205,203,641287948,3063623488,814599808,8842717,14.8,1040
r0_bc_81b06a15ad,Original / BC,channel_0,0.1,20.4529524825,205,203,320536644,1529015379,407198649,4413383,14.8,1040
r0_bc_81b06a15ad,Original / BC,channel_1,0.1,20.4529524825,205,203,320751304,1534608109,407401159,4429334,14.8,1040
r0_bfs_f5c070eb98,Original / BFS,combined,0.1,12.336183495,124,122,209574211,2152101222,314036186,25610859,4.2,0
r0_bfs_f5c070eb98,Original / BFS,channel_0,0.1,12.336183495,124,121,105193476,1074358336,157469413,12778742,4.2,0
r0_bfs_f5c070eb98,Original / BFS,channel_1,0.1,12.336183495,124,122,104380735,1077742886,156566773,12832117,4.2,0
r0_cc_3cd2baf7ac,Original / CC,combined,0.1,12.9579503725,130,128,197789959,2060771601,373302863,11441177,5.8,9345
r0_cc_3cd2baf7ac,Original / CC,channel_0,0.1,12.9579503725,130,128,98823356,1028591054,186649199,5713536,5.8,9345
r0_cc_3cd2baf7ac,Original / CC,channel_1,0.1,12.9579503725,130,128,98966603,1032180547,186653664,5727641,5.8,9345
r0_pr_b8e5f78041,Original / PR,combined,0.1,38.5196421275,386,386,252741568,4364549670,333070810,11981019,4.2,583273912
r0_pr_b8e5f78041,Original / PR,channel_0,0.1,38.5196421275,386,386,126466489,2182597285,166641667,5990869,4.2,583273912
r0_pr_b8e5f78041,Original / PR,channel_1,0.1,38.5196421275,386,386,126275079,2181952385,166429143,5990150,4.2,583273912
r0_xs_20t_1fed27b3cc,Original / XS 20t,combined,0.1,19.583677085,196,196,37376293,4644361030,53259450,1639217,1.8,742705516
r0_xs_20t_1fed27b3cc,Original / XS 20t,channel_0,0.1,19.583677085,196,196,18712308,2316417197,26631665,818556,1.8,742705516
r0_xs_20t_1fed27b3cc,Original / XS 20t,channel_1,0.1,19.583677085,196,196,18663985,2327943833,26627785,820661,1.8,742705516
r0_xs_20t_300000p_3868b65f34,Original / XS 20t / 300000p,combined,0.1,4.166628045,42,39,14939301,595900570,52746374,1692933,1.8,0
r0_xs_20t_300000p_3868b65f34,Original / XS 20t / 300000p,channel_0,0.1,4.166628045,42,39,7481844,297299879,26372885,846002,1.8,0
r0_xs_20t_300000p_3868b65f34,Original / XS 20t / 300000p,channel_1,0.1,4.166628045,42,39,7457457,298600691,26373489,846931,1.8,0
r1_trace_09_07_bfs_8g_noTHP_1d3fc83cc2,09-07 / BFS 8G / no THP,combined,0.1,15.29922286,153,153,74479560,740672963,114780925,4354560,3.1,0
r1_trace_09_07_bfs_8g_noTHP_1d3fc83cc2,09-07 / BFS 8G / no THP,channel_0,0.1,15.29922286,153,153,37283348,369504561,57432243,2170320,3.1,0
r1_trace_09_07_bfs_8g_noTHP_1d3fc83cc2,09-07 / BFS 8G / no THP,channel_1,0.1,15.29922286,153,153,37196212,371168402,57348682,2184240,3.1,0
r1_trace_09_07_bfs_8g_withTHP_467813de1b,09-07 / BFS 8G / THP,combined,0.1,13.0257281925,131,130,46916346,686402191,79624881,4960722,2.4,0
r1_trace_09_07_bfs_8g_withTHP_467813de1b,09-07 / BFS 8G / THP,channel_0,0.1,13.0257281925,131,130,23541052,342614958,39904476,2474277,2.4,0
r1_trace_09_07_bfs_8g_withTHP_467813de1b,09-07 / BFS 8G / THP,channel_1,0.1,13.0257281925,131,130,23375294,343787233,39720405,2486445,2.4,0
r1_trace_09_07_cc_8g_noTHP_25fca2b541,09-07 / CC 8G / no THP,combined,0.1,22.8419516075,229,229,80666955,931048749,134418835,2279695,4.1,0
r1_trace_09_07_cc_8g_noTHP_25fca2b541,09-07 / CC 8G / no THP,channel_0,0.1,22.8419516075,229,229,40284570,463984931,67187224,1133895,4.1,0
r1_trace_09_07_cc_8g_noTHP_25fca2b541,09-07 / CC 8G / no THP,channel_1,0.1,22.8419516075,229,229,40382385,467063818,67231611,1146568,4.3,0
r1_trace_09_07_cc_8g_withTHP_484755becf,09-07 / CC 8G / THP,combined,0.1,16.090591945,161,160,34470184,761661633,66567679,4576555,1.9,0
r1_trace_09_07_cc_8g_withTHP_484755becf,09-07 / CC 8G / THP,channel_0,0.1,16.090591945,161,160,17138148,379361142,33199915,2279518,1.9,0
r1_trace_09_07_cc_8g_withTHP_484755becf,09-07 / CC 8G / THP,channel_1,0.1,16.090591945,161,160,17332036,382300491,33367764,2297037,1.9,0
